篩選,代號,公司名稱,平均EPS(110~114),EPS(114),毛利率%,營業利益率%,負債比%,ROE%
✅,2360,致茂,14.348000000000003,27.7,61.5,32.5,30.9,37.4
✅,2059,川湖,52.102,103.23,76.0,69.1,20.1,35.1
✅,2330,台積電,41.212,66.26,59.9,50.8,31.2,31.7
✅,1477,聚陽,14.712,14.65,24.9,13.6,40.7,26.1
✅,6515,穎崴,28.288,46.93,45.3,26.3,28.7,26.0
✅,3030,德律,7.132,10.49,58.4,35.3,21.0,25.8
✅,2308,台達電,14.492,23.14,34.3,15.1,49.1,25.3
✅,2451,創見,6.924000000000001,12.98,46.8,38.3,12.2,24.2
✅,1232,大統益,7.888,8.25,13.4,7.9,38.6,23.4
✅,3653,健策,21.381999999999998,36.75,41.6,32.0,17.5,23.3
✅,8464,億豐,20.808,22.53,58.8,29.8,24.0,23.1
✅,6197,佳必琪,5.843999999999999,8.67,34.3,20.0,39.1,22.5
✅,2472,立隆電,6.998,8.73,32.0,20.3,24.2,22.1
✅,5234,達興材料,5.76,7.37,40.6,18.4,31.0,21.5
✅,1615,大山,3.63,4.81,22.7,18.6,29.1,21.4
✅,3005,神基,6.6659999999999995,8.43,31.8,15.7,41.6,20.9
✅,3533,嘉澤,59.122,70.17,51.3,30.6,19.9,20.7
✅,6183,關貿,3.286,3.9,43.4,24.7,38.2,20.7
✅,9911,櫻花,5.2780000000000005,6.27,35.3,15.3,37.4,19.9
✅,1476,儒鴻,21.338,20.1,28.6,18.7,15.4,18.6
✅,6206,飛捷,5.88,6.9,44.1,25.1,15.1,18.6
✅,1773,勝一,7.142,6.81,34.6,20.7,33.2,18.2
✅,2471,資通,3.2159999999999997,3.63,43.4,17.9,38.5,18.2
✅,2493,揚博,4.924,4.36,30.3,18.2,39.8,17.0
✅,3416,融程電,6.462000000000001,7.39,39.9,19.0,29.0,16.6
✅,4571,鈞興-KY,7.768000000000001,9.61,32.8,17.3,21.3,15.8
✅,9942,茂順,8.58,8.15,39.0,24.0,23.1,15.8
✅,4536,拓凱,16.682,14.92,35.3,18.7,29.5,15.6
✅,1730,花仙子,4.05,4.5,51.0,15.3,21.1,15.4
✅,2420,新巨,4.014,3.91,45.9,29.2,28.8,15.0
✅,5269,祥碩,48.11,72.7,52.2,29.5,11.4,15.0
✅,2504,國產,3.226,3.3,27.4,22.5,39.3,14.9
✅,2423,固緯,2.614,2.92,52.9,18.2,20.7,14.3
✅,6491,晶碩,21.407999999999998,20.87,52.3,25.7,27.4,14.2
✅,2433,互盛電,3.4799999999999995,3.05,36.0,15.2,44.0,13.7
✅,5288,豐祥-KY,13.736,12.25,22.4,13.7,17.5,13.7
✅,4441,振大環球,14.35,14.79,23.1,14.3,18.4,13.4
✅,2428,興勤,11.42,11.76,40.2,25.0,31.9,13.3
✅,6449,鈺邦,4.9,7.38,34.7,18.6,43.7,13.0
✅,1558,伸興,6.58,5.52,26.9,9.0,34.2,12.2
✅,2476,鉅祥,4.2299999999999995,4.36,30.6,16.8,27.2,11.9
✅,2109,華豐,1.326,1.16,21.9,10.9,38.9,11.8
✅,6201,亞弘電,4.024,3.71,23.6,11.7,21.3,11.8
✅,1817,凱撒衛,3.6719999999999997,3.61,36.8,12.4,21.8,11.7
✅,1203,味王,2.096,1.81,34.7,16.5,29.2,10.8
✅,6115,鎰勝,3.254,2.85,16.3,10.3,36.5,10.1
❌,7822,倍利科,5.14,14.04,61.4,33.5,61.0,57.0
❌,2404,漢唐,28.324,48.08,20.0,16.6,76.1,49.2
❌,6139,亞翔,13.581999999999999,30.51,16.0,13.0,68.0,47.3
❌,3017,奇鋐,20.896,49.17,25.8,19.7,68.4,47.0
❌,2345,智邦,21.538,47.13,18.1,12.9,59.8,45.7
❌,1519,華城,8.622,13.99,40.5,21.4,61.6,41.3
❌,6669,緯穎,120.208,275.06,8.3,6.7,63.1,41.0
❌,2597,潤弘,10.568000000000001,10.75,17.4,13.6,59.1,40.3
❌,6691,洋基工程,21.130000000000003,24.76,19.1,16.6,61.2,39.3
❌,1432,大魯閣,0.7660000000000001,6.03,41.5,-8.0,57.7,37.3
❌,2442,新美齊,2.132,5.24,33.7,26.5,69.3,37.0
❌,6409,旭隼,41.582,40.23,29.0,21.1,44.1,36.9
❌,2707,晶華,11.456,11.42,32.7,25.0,57.4,35.0
❌,8114,振樺電,10.812000000000001,18.5,48.4,25.4,25.4,34.5
❌,8210,勤誠,13.616,29.06,30.0,21.7,52.8,33.6
❌,2731,雄獅,5.434,17.49,16.8,6.0,58.2,33.4
❌,3231,緯創,5.4,9.04,6.1,3.6,76.9,32.5
❌,2912,統一超,9.908,10.78,34.4,4.0,81.9,31.3
❌,2382,廣達,12.294,19.45,7.0,4.1,81.0,31.1
❌,8454,富邦媒,14.764,11.29,9.1,3.1,63.8,30.9
❌,4763,材料*-KY,35.986000000000004,6.1,58.6,52.5,8.1,30.4
❌,6414,樺漢,21.762,23.26,20.5,4.0,61.1,30.3
❌,2102,泰豐,-1.31,6.28,20.4,-85.0,21.5,29.9
❌,6805,富世達,15.539999999999997,31.0,26.3,20.3,51.0,29.5
❌,6944,兆聯實業,19.9075,32.29,22.6,18.4,48.2,29.5
❌,3443,創意,23.73,28.13,24.8,12.7,54.6,29.2
❌,1623,大東電,12.786666666666667,13.61,18.7,15.1,58.7,29.0
❌,2383,台光電,23.514000000000003,41.67,29.8,20.3,53.3,29.0
❌,6472,保瑞,24.47,23.9,41.3,17.3,60.9,28.9
❌,2727,王品,10.443999999999999,16.02,47.5,7.8,71.0,28.8
❌,2368,金像電,10.506,19.47,32.8,23.4,55.8,28.7
❌,2911,麗嬰房,-2.098,2.15,36.1,-24.2,67.7,28.6
❌,3130,一零四,13.406,14.7,86.1,19.9,56.9,28.5
❌,8462,柏文,2.7600000000000002,8.49,31.9,14.8,80.2,28.4
❌,2379,瑞昱,28.212,28.77,50.0,11.7,59.8,28.3
❌,6625,必應,3.868,9.13,18.6,12.9,47.6,27.1
❌,2454,聯發科,65.348,66.16,47.5,17.4,45.0,26.5
❌,2364,倫飛,3.2299999999999995,4.2,39.8,13.3,46.6,26.0
❌,6442,光聖,9.34,23.46,57.7,24.1,49.0,26.0
❌,1608,華榮,2.492,5.5,10.4,8.2,35.1,25.2
❌,1215,卜蜂,6.996,10.39,21.2,13.2,59.6,24.7
❌,2421,建準,4.922,7.94,31.1,15.0,49.0,24.4
❌,3450,聯鈞,2.436,5.01,29.8,18.7,41.0,24.4
❌,2480,敦陽科,7.153999999999999,8.0,24.3,11.9,56.3,24.2
❌,3034,聯詠,41.69,26.87,37.7,18.1,30.4,24.1
❌,9958,世紀鋼,5.002,6.57,29.3,22.9,48.9,23.9
❌,1216,統一,3.368,3.45,33.1,5.2,71.4,23.0
❌,2539,櫻花建,2.356,3.46,41.0,36.1,44.9,23.0
❌,4967,十銓,4.446,13.06,14.3,6.9,67.7,22.9
❌,5225,東科-KY,8.604,10.26,16.4,6.7,46.7,22.8
❌,2498,宏達電,-1.7740000000000002,7.21,35.9,-119.0,30.8,22.7
❌,2376,技嘉,14.398,18.2,10.4,5.0,60.8,22.5
❌,2458,義隆,10.166,8.53,48.7,24.2,32.9,22.4
❌,3029,零壹,4.904,6.53,12.2,6.0,53.8,22.4
❌,9917,中保科,6.124,6.77,32.6,16.1,54.0,22.4
❌,6670,復盛應用,24.694,22.45,25.4,15.5,38.3,22.2
❌,3025,星通,2.31,3.45,68.1,29.0,31.1,22.1
❌,7740,熙特爾-創,1.8,4.9,15.5,8.3,82.7,22.0
❌,2753,八方雲集,9.796000000000001,12.84,36.0,12.3,49.5,21.8
❌,5292,華懋,8.572,9.93,23.7,17.2,55.4,21.8
❌,3014,聯陽,9.648,9.51,55.1,26.0,23.0,21.7
❌,6951,青新-創,3.8775,5.39,59.0,40.8,29.3,21.5
❌,7769,鴻勁,42.61,75.71,56.5,49.7,20.8,21.3
❌,3167,大量,3.838,8.13,39.2,18.0,59.4,21.0
❌,5434,崇越,17.14,21.81,12.8,6.6,51.7,21.0
❌,6957,裕慶-KY,13.802499999999998,10.18,40.2,17.2,47.5,21.0
❌,9910,豐泰,6.306,5.1,22.4,8.9,47.2,21.0
❌,2547,日勝生,0.562,2.85,50.7,18.5,75.7,20.9
❌,2546,根基,8.156,9.52,8.5,6.7,60.3,20.6
❌,6924,榮惠-KY創,5.845,5.68,22.4,9.0,46.3,20.6
❌,1720,生達,4.66,5.19,41.4,19.4,21.3,20.5
❌,4771,望隼,9.190000000000001,12.71,40.9,28.8,37.6,20.3
❌,6165,浪凡,1.7079999999999997,4.02,29.5,11.0,51.2,20.3
❌,7750,新代,22.76,35.12,45.8,20.2,35.6,20.1
❌,1736,喬山,4.194,9.06,50.6,6.6,72.6,20.0
❌,6782,視陽,9.638,14.08,45.2,27.3,26.0,20.0
❌,2618,長榮航,3.374,4.84,23.4,16.4,59.6,19.9
❌,3356,奇偶,3.9539999999999997,6.21,50.3,3.7,9.6,19.9
❌,8996,高力,5.424,9.07,27.3,15.6,48.6,19.9
❌,1795,美時,14.060000000000002,18.14,58.1,28.8,77.6,19.8
❌,3515,華擎,12.344,15.28,13.5,5.7,44.3,19.7
❌,6196,帆宣,10.996,15.5,11.0,4.4,71.8,19.7
❌,6781,AES-KY,30.896000000000004,38.2,35.9,24.2,32.2,19.4
❌,1513,中興電,5.61,8.07,25.7,18.1,56.2,19.3
❌,2316,楠梓電,5.604000000000001,13.38,-0.5,-13.2,31.7,19.3
❌,3665,貿聯-KY,25.318,46.57,31.7,17.5,43.3,19.3
❌,8463,潤泰材,0.686,1.85,12.8,7.6,69.3,19.3
❌,4766,南寶,16.869999999999997,20.25,34.1,16.4,44.4,19.2
❌,2395,研華,11.974,12.25,39.8,16.3,27.3,19.1
❌,3023,信邦,12.73,13.02,24.0,10.5,48.5,19.1
❌,8081,致新,20.182,17.76,39.0,19.4,18.5,19.1
❌,9930,中聯資源,3.78,4.96,15.1,11.2,40.6,19.0
❌,3044,健鼎,13.975999999999999,19.45,25.9,17.6,44.9,18.9
❌,3045,台灣大,4.296,4.77,20.6,10.8,59.7,18.8
❌,3046,建碁,3.118,4.01,8.4,4.7,56.8,18.8
❌,3583,辛耘,9.154,13.82,33.5,13.9,74.4,18.8
❌,2206,三陽工業,5.196,5.78,20.7,8.7,56.5,18.7
❌,1316,上曜,-0.358,-0.52,39.0,7.3,45.7,18.4
❌,3563,牧德,12.278,15.8,61.3,36.4,15.9,18.4
❌,8016,矽創,25.142000000000003,14.66,30.6,11.2,25.6,18.2
❌,1707,葡萄王,9.292,8.22,75.1,20.9,23.3,18.0
❌,2357,華碩,40.692,59.99,15.1,5.4,52.9,18.0
❌,6994,富威電力,2.335,6.34,24.3,14.1,60.7,17.9
❌,2414,精技,2.948,3.17,7.9,2.5,57.5,17.8
❌,8467,波力-KY,7.882000000000001,10.03,42.0,25.2,38.5,17.7
❌,5519,隆大,3.882,4.96,33.1,24.6,57.9,17.5
❌,8271,宇瞻,4.686,6.7,20.7,9.2,44.5,17.5
❌,1783,和康生,1.9619999999999997,2.96,69.5,32.2,18.8,17.3
❌,2385,群光,10.16,9.05,18.0,8.3,48.2,17.3
❌,6534,正瀚-創,4.428,4.51,83.9,34.3,24.9,17.3
❌,5515,建國,2.2039999999999997,4.48,16.6,10.3,52.4,17.2
❌,6914,阜爾運通,6.764,9.6,21.9,15.7,64.2,17.2
❌,1560,中砂,7.156000000000001,9.28,32.5,16.0,36.0,17.1
❌,8422,可寧衛*,8.806000000000001,1.29,53.1,40.6,57.3,16.9
❌,2301,光寶科,6.082,6.64,22.9,10.1,56.3,16.8
❌,2530,華建,0.9879999999999999,2.03,41.0,33.9,66.4,16.8
❌,3694,海華,2.588,4.03,14.6,4.9,48.9,16.8
❌,2610,華航,1.616,2.42,17.8,10.0,71.1,16.6
❌,5284,jpp-KY,5.970000000000001,12.05,37.8,21.1,50.0,16.6
❌,7711,永擎,7.176666666666667,13.04,8.5,3.9,58.4,16.6
❌,1456,怡華,1.722,3.41,38.9,78.2,85.4,16.5
❌,6177,達麗,4.21,3.84,29.9,23.7,73.6,16.5
❌,3596,智易,10.532,12.6,15.3,6.6,62.0,16.4
❌,6525,捷敏-KY,5.856,5.88,26.7,19.6,31.2,16.2
❌,1210,大成,3.6519999999999997,4.33,14.7,4.7,53.4,16.1
❌,2535,達欣工,4.5840000000000005,6.5,11.3,7.8,65.0,16.1
❌,1590,亞德客-KY,35.738,42.0,46.0,30.0,8.6,16.0
❌,6955,邦睿生技-創,1.314,4.13,77.9,32.6,10.9,16.0
❌,2449,京元電子,5.994,9.01,35.8,25.8,50.1,15.9
❌,3013,晟銘電,1.876,4.03,18.5,10.6,46.0,15.9
❌,6573,虹揚-KY,-1.6280000000000001,1.23,11.4,-12.2,61.4,15.9
❌,6446,藥華藥,1.0060000000000002,13.64,89.2,31.5,14.5,15.8
❌,1231,聯華食,3.976,3.81,20.4,8.9,51.5,15.7
❌,6117,迎廣,1.7100000000000002,3.77,31.1,14.5,62.2,15.6
❌,3257,虹冠電,3.086,3.42,50.1,27.3,28.9,15.5
❌,1108,幸福,1.358,2.18,19.1,25.0,43.4,15.3
❌,5706,鳳凰,2.064,3.39,14.9,7.3,40.0,15.3
❌,6257,矽格,5.752,6.14,29.2,20.3,42.2,15.3
❌,6581,鋼聯,6.42,6.17,51.0,38.6,17.2,15.3
❌,1341,富林-KY,5.102,3.71,22.7,11.0,42.3,15.2
❌,7610,聯友金屬-創,3.196,5.45,30.8,22.0,46.7,15.1
❌,8112,至上,5.078,5.02,3.3,2.3,75.9,15.1
❌,3054,立萬利,0.13399999999999998,1.96,31.2,-56.4,7.5,15.0
❌,4736,泰博,19.064,15.12,46.0,22.7,20.8,15.0
❌,4904,遠傳,3.308,3.81,30.3,15.7,48.6,15.0
❌,7631,聚賢研發-創,8.1,6.56,27.5,13.9,43.3,15.0
❌,1436,華友聯,9.325999999999999,5.39,50.2,37.0,68.0,14.9
❌,1537,廣隆,9.096,7.95,20.4,12.1,24.3,14.9
❌,2211,長榮鋼,6.57,8.6,27.7,23.4,21.5,14.9
❌,2248,華勝-KY,3.992,5.32,30.7,14.0,45.1,14.9
❌,7821,神數,1.92,2.99,24.5,3.7,68.2,14.9
❌,2543,皇昌,2.534,2.69,18.7,14.7,49.5,14.8
❌,1472,三洋實業,2.582,6.4,14.1,10.3,57.6,14.6
❌,3413,京鼎,21.758000000000003,21.44,25.1,14.9,36.4,14.6
❌,6526,達發,15.116,17.32,51.9,13.9,23.2,14.6
❌,2548,華固,9.786,10.15,28.2,21.8,58.7,14.5
❌,3019,亞光,4.76,6.6,18.8,8.6,36.5,14.5
❌,1514,亞力,2.634,3.3,18.7,10.1,51.8,14.3
❌,3617,碩天,13.8,14.47,53.6,16.2,32.0,14.3
❌,2614,東森,0.08000000000000003,1.99,33.7,8.8,70.0,14.2
❌,2762,世界健身-KY,3.438,3.75,17.3,6.0,84.6,14.1
❌,6890,來億-KY,11.704999999999998,13.02,16.0,9.5,30.3,14.1
❌,3406,玉晶光,29.604000000000003,32.84,32.5,19.1,39.3,14.0
❌,6790,永豐實,3.2439999999999998,3.03,26.0,9.4,44.9,14.0
❌,8367,建新國際,4.144,3.8,32.1,21.3,72.7,14.0
❌,9939,宏全,8.406,9.1,22.3,13.0,56.0,14.0
❌,1319,東陽,4.746,6.43,33.6,18.3,25.7,13.9
❌,2006,東和鋼鐵,6.1,6.47,14.8,10.1,33.7,13.9
❌,2327,國巨*,36.424,11.51,36.2,22.4,55.5,13.9
❌,2348,海悅,11.72,6.85,36.0,24.5,78.1,13.9
❌,2453,凌群,2.726,3.12,25.2,4.7,50.2,13.9
❌,3168,眾福科,4.044,2.61,24.9,8.9,30.2,13.9
❌,6862,三集瑞-KY,9.245,8.29,40.2,24.6,32.9,13.9
❌,1442,名軒,3.6159999999999997,3.03,48.9,38.7,44.0,13.8
❌,6272,驊陞,1.986,3.43,26.4,9.1,51.4,13.8
❌,7749,意騰-KY,7.09,11.77,76.1,36.2,10.3,13.8
❌,7795,長廣,7.579999999999999,3.11,44.8,21.5,38.5,13.8
❌,2313,華通,4.946,5.51,18.6,10.7,47.1,13.7
❌,2467,志聖,4.4719999999999995,5.5,43.3,14.5,54.4,13.7
❌,3661,世芯-KY,48.604,69.18,26.4,16.2,29.7,13.7
❌,8478,東哥遊艇,15.352,13.25,39.0,22.4,44.0,13.7
❌,2436,偉詮電,2.17,3.02,29.9,6.7,32.3,13.6
❌,6412,群電,7.45,5.2,16.9,6.5,54.7,13.6
❌,9933,中鼎,2.3899999999999997,1.91,10.2,4.4,81.8,13.6
❌,2516,新建,0.003999999999999959,1.23,4.0,2.2,74.3,13.5
❌,2739,寒舍,0.4259999999999997,2.36,39.9,7.8,86.4,13.4
❌,6189,豐藝,4.316,2.73,8.8,4.8,56.7,13.4
❌,6918,愛派司,2.4859999999999998,5.16,68.6,25.0,18.4,13.4
❌,3209,全科,3.5420000000000003,3.02,5.2,2.6,68.1,13.3
❌,1616,億泰,1.076,1.55,15.0,10.7,48.1,13.2
❌,4581,光隆精密-KY,4.294,4.73,33.2,17.1,50.6,13.1
❌,1524,耿鼎,2.022,1.95,27.9,16.2,42.0,13.0
❌,1535,中宇,4.006,4.0,9.4,4.1,47.4,13.0
❌,2488,漢平,3.968,4.56,22.9,11.5,26.2,13.0
❌,2496,卓越,5.16,6.12,53.5,15.9,40.1,13.0
❌,5469,瀚宇博,6.029999999999999,6.05,19.7,10.6,52.3,13.0
❌,9904,寶成,4.468,4.1,23.1,4.6,36.9,13.0
❌,9945,潤泰新,4.726000000000001,3.93,24.1,17.7,44.1,13.0
❌,6192,巨路,9.07,10.06,32.8,16.5,37.8,12.9
❌,8341,日友,5.5520000000000005,4.48,43.2,23.8,42.3,12.9
❌,1712,興農,2.742,2.6,30.5,7.0,43.9,12.8
❌,2415,錩新,1.0939999999999999,1.81,26.6,14.6,68.8,12.8
❌,4915,致伸,5.61,5.71,17.3,4.7,59.9,12.8
❌,6214,精誠,6.178,7.91,21.9,3.6,49.9,12.8
❌,6239,力成,10.086,7.48,17.0,10.9,42.1,12.8
❌,6771,平和環保-創,4.586,3.64,46.9,25.5,35.7,12.8
❌,2020,美亞,2.9479999999999995,2.13,18.7,8.0,50.7,12.7
❌,3702,大聯大,5.412,5.77,4.0,2.0,79.3,12.7
❌,4994,傳奇,2.028,1.96,66.7,13.5,29.9,12.7
❌,2329,華泰,2.216,2.45,15.1,7.7,46.2,12.6
❌,5007,三星,3.382,3.02,23.9,15.8,13.9,12.6
❌,1459,聯發,0.434,0.81,12.9,4.9,24.8,12.5
❌,2373,震旦行,5.0,3.87,45.4,8.0,50.7,12.5
❌,2603,長榮,49.178,31.68,24.4,19.6,34.5,12.5
❌,8162,微矽電子-創,1.8940000000000001,1.57,25.2,9.9,41.7,12.5
❌,9937,全國,2.45,2.36,12.2,3.4,51.6,12.5
❌,3622,洋華,3.84,6.09,44.4,28.0,9.9,12.4
❌,8481,政伸,3.7339999999999995,3.25,47.3,20.7,10.9,12.4
❌,1618,合機,2.452,4.21,18.9,15.6,21.9,12.3
❌,3679,新至陞,10.484,9.78,33.0,22.4,45.5,12.3
❌,2356,英業達,1.938,2.42,5.3,1.8,77.0,12.2
❌,2497,怡利電,2.2079999999999997,2.37,25.6,10.0,45.7,12.2
❌,6655,科定,5.122,3.92,49.9,15.8,71.0,12.2
❌,1225,福懋油,1.6960000000000002,1.62,9.7,4.4,45.9,12.1
❌,2317,鴻海,11.026,13.61,6.1,3.2,61.4,12.1
❌,3711,日月光投控,10.73,9.37,17.7,7.9,58.0,12.1
❌,6176,瑞儀,12.402000000000001,9.4,21.4,12.0,47.6,12.1
❌,3592,瑞鼎,36.25,18.24,28.5,6.8,41.4,12.0
❌,6191,精成科,6.064,6.55,19.3,10.4,56.5,12.0
❌,6278,台表科,10.884,9.39,12.8,7.0,55.5,12.0
❌,3028,增你強,2.932,3.15,7.3,3.2,73.1,11.9
❌,2010,春源,1.6299999999999997,2.32,11.0,7.2,45.1,11.8
❌,9943,好樂迪,5.16,5.4,50.4,16.8,28.3,11.8
❌,6605,帝寶,12.99,13.97,31.5,16.8,37.9,11.7
❌,6776,展碁國際,4.548,4.2,6.0,1.6,72.7,11.7
❌,9927,泰銘,4.912000000000001,4.26,12.4,9.5,11.2,11.7
❌,1475,業旺,6.664,2.72,22.2,16.9,32.6,11.6
❌,3705,永信,3.346,3.31,43.5,15.8,28.8,11.6
❌,6235,華孚,2.584,2.9,26.2,9.7,51.7,11.6
❌,1439,雋揚,1.8960000000000001,3.21,26.7,15.0,41.5,11.5
❌,2247,汎德永業,19.612000000000002,18.32,11.2,3.5,41.0,11.5
❌,3036,文曄,8.51,11.61,4.0,1.8,77.6,11.5
❌,5522,遠雄,6.2700000000000005,7.45,34.1,24.8,53.8,11.5
❌,8261,富鼎,6.044,5.73,37.4,25.3,10.8,11.5
❌,2615,萬海,20.310000000000002,11.21,28.2,23.7,32.6,11.4
❌,3008,大立光,159.302,159.41,50.4,38.5,13.6,11.4
❌,5871,中租-KY,14.334,11.24,65.9,27.9,80.0,11.4
❌,9926,新海,2.59,2.68,26.2,18.4,52.2,11.4
❌,9938,百和,4.561999999999999,4.1,35.3,16.3,50.4,11.4
❌,2347,聯強,6.952,5.08,4.3,2.1,61.7,11.3
❌,3042,晶技,7.296000000000001,5.28,33.0,15.2,26.5,11.3
❌,6887,寶綠特-KY,5.6625,4.58,22.9,8.3,37.5,11.3
❌,8926,台汽電,1.8359999999999999,2.45,14.2,7.8,48.8,11.3
❌,9941,裕融,10.530000000000001,7.68,44.0,14.0,85.6,11.3
❌,1307,三芳,1.9899999999999998,2.85,31.6,14.3,42.2,11.2
❌,2013,中鋼構,2.6900000000000004,3.19,4.7,2.9,62.1,11.2
❌,7768,頌勝科技,2.8475,3.24,50.9,15.9,49.9,11.2
❌,1708,東鹼,2.9219999999999997,3.28,31.9,18.2,41.0,11.1
❌,4137,麗豐-KY,10.34,7.13,82.1,19.0,44.6,11.1
❌,7791,皇家可口,4.87,5.61,34.5,13.7,13.4,11.1
❌,2491,吉祥全,-0.518,1.43,26.5,-77.5,20.7,11.0
❌,6861,睿生光電,4.452,3.84,25.9,5.9,43.5,11.0
❌,9935,慶豐富,1.28,1.64,26.1,10.9,66.2,11.0
❌,2027,大成鋼,3.7399999999999998,2.88,24.7,13.8,42.3,10.9
❌,2303,聯電,4.746,3.34,29.0,18.5,34.4,10.9
❌,2636,台驊控股,15.190000000000001,7.74,16.0,3.6,55.4,10.9
❌,3010,華立,9.854000000000001,8.84,8.1,4.0,54.2,10.9
❌,5306,桂盟,10.404,7.66,44.2,21.9,35.8,10.9
❌,8028,昇陽半導體,2.618,4.37,34.0,21.5,58.0,10.9
❌,2501,國建,1.566,2.83,27.8,17.1,63.8,10.8
❌,5258,虹堡,5.986,4.23,34.9,8.1,51.4,10.8
❌,6215,和椿,2.184,2.08,24.9,7.6,39.3,10.7
❌,6831,邁科,2.438,4.94,23.4,11.5,43.8,10.7
❌,6923,中台,3.2824999999999998,3.03,38.3,31.0,37.1,10.7
❌,4532,瑞智,1.6059999999999999,2.05,16.7,6.7,59.9,10.6
❌,7818,溢泰實業,6.21,5.65,30.3,9.1,45.7,10.6
❌,2243,宏旭-KY,-0.644,1.22,14.4,6.0,76.1,10.5
❌,2377,微星,11.116,6.8,11.0,2.8,54.9,10.5
❌,2412,中華電,4.772,4.99,36.8,20.6,25.2,10.5
❌,4104,佳醫,4.604,4.7,21.3,8.3,38.2,10.5
❌,2542,興富發,3.06,2.1,29.9,20.7,77.2,10.4
❌,3706,神達,5.536,5.15,11.3,5.1,46.8,10.4
❌,6216,居易,1.7260000000000002,0.6,45.0,7.5,6.3,10.4
❌,6585,鼎基,6.128,5.64,33.0,18.3,20.8,10.4
❌,1612,宏泰,3.3600000000000003,2.77,14.9,11.7,12.4,10.3
❌,1734,杏輝,1.3900000000000001,1.92,43.2,12.4,39.6,10.3
❌,2072,世紀風電,6.372,11.94,28.4,22.6,19.0,10.3
❌,2393,億光,4.3420000000000005,4.6,31.1,12.5,30.7,10.3
❌,2439,美律,6.598000000000001,5.36,12.1,3.1,57.4,10.3
❌,4560,強信-KY,2.554,3.02,35.7,15.7,19.2,10.3
❌,5283,禾聯碩,8.142,5.63,33.0,8.3,35.1,10.3
❌,6722,輝創,2.234,2.9,21.8,4.9,54.4,10.3
❌,7736,虎山,5.6659999999999995,5.04,30.3,18.3,15.9,10.3
❌,2402,毅嘉,1.668,2.47,19.1,8.4,51.9,10.2
❌,1808,潤隆,5.066,1.36,38.7,27.4,77.2,10.1
❌,2233,宇隆,9.17,6.7,31.0,12.6,40.1,10.1
❌,2441,超豐,5.17,4.31,20.2,16.2,13.8,10.1
❌,3026,禾伸堂,7.545999999999999,6.58,18.8,8.0,35.8,10.1
❌,6531,愛普*,10.431999999999999,7.74,46.5,24.7,16.1,10.1
❌,2015,豐興,4.888,3.88,11.5,8.6,12.5,10.0
❌,4770,上品,17.916,10.2,33.0,21.2,20.5,9.9
❌,1229,聯華,2.6439999999999997,2.57,25.1,15.1,18.5,9.8
❌,1714,和桐,0.52,0.5,10.4,5.2,31.0,9.8
❌,1752,南光,2.444,2.42,35.6,13.7,34.9,9.8
❌,2432,倚天酷碁-創,1.9439999999999997,1.88,12.8,3.9,30.3,9.8
❌,2459,敦吉,5.2780000000000005,5.17,28.4,13.1,34.8,9.8
❌,9907,統一實,1.0699999999999998,1.36,14.1,7.0,35.4,9.8
❌,1256,鮮活果汁-KY,13.004,11.19,27.7,11.9,19.2,9.7
❌,1760,寶齡富錦,1.6039999999999999,2.22,54.1,14.9,39.4,9.7
❌,2397,友通,3.8200000000000003,2.49,26.0,4.8,53.9,9.7
❌,3048,益登,1.534,2.01,3.4,1.6,80.0,9.7
❌,6672,騰輝電子-KY,6.851999999999999,4.85,32.2,9.4,28.6,9.7
❌,6754,匯僑設計,4.562,3.41,23.8,6.8,47.8,9.7
❌,6807,峰源-KY,5.194000000000001,4.69,18.5,7.3,29.3,9.7
❌,2520,冠德,5.612,2.61,22.5,13.6,54.4,9.6
❌,2607,榮運,2.602,3.56,21.7,11.9,27.0,9.6
❌,2915,潤泰全,13.504,9.29,42.6,6.5,11.2,9.6
❌,3447,展達,1.558,1.6,10.7,2.4,59.4,9.6
❌,1609,大亞,2.238,1.65,14.0,8.8,68.7,9.5
❌,2312,金寶,0.674,1.05,6.3,2.4,69.0,9.5
❌,2481,強茂,3.586,3.12,31.3,8.5,45.4,9.5
❌,6614,資拓宏宇,2.162,2.08,12.9,3.8,56.5,9.5
❌,6799,來頡,5.43,3.7,48.2,21.5,13.0,9.5
❌,8021,尖點,1.886,2.75,30.9,14.9,31.9,9.5
❌,2031,新光鋼,4.5600000000000005,3.3,8.9,5.4,56.6,9.4
❌,2374,佳能,1.64,2.44,25.2,8.9,33.0,9.4
❌,2606,裕民,4.818,4.31,28.8,23.8,55.5,9.4
❌,4583,台灣精銳,12.668000000000001,12.0,52.2,31.4,9.4,9.4
❌,5534,長虹,6.88,6.0,38.2,28.9,56.4,9.4
❌,1503,士電,4.782,6.27,20.9,11.6,38.7,9.3
❌,4526,東台,-0.10199999999999995,1.81,15.8,-13.3,61.4,9.3
❌,4961,天鈺,17.868,9.65,28.5,7.4,14.3,9.3
❌,5607,遠雄港,2.88,2.77,49.7,36.9,59.3,9.3
❌,6591,動力-KY,5.142,5.37,33.7,14.6,36.1,9.3
❌,6933,AMAX-KY,5.572,5.04,12.5,3.5,42.6,9.3
❌,8110,華東,0.732,2.48,3.3,-3.9,25.8,9.3
❌,1529,樂事綠能,0.626,1.01,18.6,7.7,40.8,9.2
❌,2427,三商電,1.234,1.53,23.9,5.4,53.1,9.2
❌,2906,高林,0.522,0.47,29.5,4.0,49.9,9.2
❌,3090,日電貿,5.2,5.48,16.4,10.1,31.2,9.2
❌,9931,欣高,2.094,2.45,18.2,12.5,49.4,9.2
❌,3004,豐達科,3.9019999999999997,5.85,24.5,11.7,54.8,9.1
❌,5243,乙盛-KY,3.7620000000000005,4.4,21.3,7.9,39.9,9.0
❌,6112,邁達特,2.164,1.82,14.4,2.3,62.2,9.0
❌,6768,志強-KY,6.068,6.77,19.8,8.4,31.6,9.0
❌,2323,中環,0.42200000000000004,1.58,24.0,-1.3,32.0,8.9
❌,4968,立積,1.562,2.66,36.3,6.3,25.1,8.9
❌,6166,凌華,1.67,2.35,35.7,5.6,56.2,8.9
❌,6285,啟碁,6.746,6.41,12.5,3.4,54.5,8.9
❌,6592,和潤企業,5.742,4.72,60.0,17.1,86.8,8.9
❌,8103,瀚荃,3.8259999999999996,3.92,37.4,13.4,35.8,8.9
❌,2608,嘉里大榮,2.7,1.97,17.9,11.9,46.3,8.8
❌,4439,冠星-KY,8.548,7.73,17.9,6.0,45.9,8.8
❌,4977,眾達-KY,4.42,4.48,25.0,6.8,15.3,8.8
❌,9802,鈺齊-KY,9.128,6.05,18.3,9.2,36.6,8.8
❌,1733,五鼎,1.584,1.63,27.7,7.2,22.6,8.7
❌,4938,和碩,6.2,5.39,3.8,1.0,60.4,8.7
❌,1541,錩泰,2.418,2.32,18.4,6.6,33.5,8.6
❌,4958,臻鼎-KY,9.672,6.91,19.8,7.6,39.0,8.6
❌,6416,瑞祺電通,4.41,4.3,23.1,8.4,37.2,8.6
❌,9918,欣天然,1.714,1.61,29.8,16.1,43.5,8.6
❌,1726,永記,5.2780000000000005,5.5,26.7,11.1,13.9,8.5
❌,6671,三能-KY,2.874,2.37,38.0,9.8,20.7,8.5
❌,1731,美吾華,1.278,1.36,63.2,13.7,33.2,8.4
❌,2204,中華,3.3239999999999994,5.47,15.1,3.5,22.7,8.4
❌,2536,宏普,0.8460000000000001,3.19,21.1,15.1,67.0,8.4
❌,6184,大豐電,3.3339999999999996,2.57,52.6,28.6,35.6,8.4
❌,6906,現觀科,2.87,1.87,86.8,16.5,19.0,8.4
❌,8404,百和興業-KY,1.236,1.43,38.5,16.6,64.1,8.4
❌,8473,山林水,0.6519999999999999,2.55,23.7,17.9,50.8,8.4
❌,2228,劍麟,6.13,5.25,23.6,9.2,25.3,8.3
❌,2505,國揚,1.5100000000000002,2.37,28.3,17.5,51.3,8.3
❌,2514,龍邦,2.096,1.85,13.3,4.9,46.0,8.3
❌,2903,遠百,1.478,1.56,57.8,12.3,74.1,8.3
❌,3189,景碩,5.5520000000000005,3.51,21.1,6.8,48.3,8.3
❌,3605,宏致,2.1439999999999997,4.35,26.0,5.5,46.6,8.3
❌,1786,科妍,2.418,2.24,72.0,21.4,25.8,8.2
❌,2637,慧洋-KY,8.588,5.27,25.0,23.9,40.7,8.2
❌,5538,東明-KY,3.816,3.02,12.1,5.6,49.2,8.2
❌,6579,研揚,7.202,5.62,33.4,7.3,19.9,8.2
❌,6931,青松健康,0.708,1.39,13.2,5.1,54.7,8.2
❌,7705,三商餐飲,2.92,1.92,35.3,2.0,59.8,8.2
❌,1446,宏和,2.37,1.62,45.4,32.0,13.1,8.1
❌,3033,威健,2.958,1.81,4.3,1.7,75.7,8.1
❌,8011,台通,0.168,1.3,25.9,13.5,46.6,8.1
❌,1449,佳和,0.716,0.12,9.3,-11.2,63.5,8.0
❌,2612,中航,4.279999999999999,5.46,32.7,22.4,48.6,8.0
❌,8499,鼎炫-KY,12.026,10.13,44.2,23.2,24.6,8.0
❌,1723,中碳,5.218,2.65,18.9,9.1,31.7,7.9
❌,3338,泰碩,2.552,1.8,19.5,4.6,43.0,7.9
❌,8070,長華*,2.246,1.02,18.5,11.1,44.7,7.9
❌,2910,統領,0.976,1.23,88.2,53.8,56.7,7.8
❌,4551,智伸科,8.294,6.04,23.1,13.4,35.6,7.8
❌,6277,宏正,4.678,3.08,58.6,11.7,30.5,7.8
❌,6438,迅得,8.264,5.24,23.5,8.1,43.0,7.8
❌,8482,商億-KY,5.054,2.3,32.1,8.7,32.6,7.8
❌,1457,宜進,2.018,1.18,9.7,20.1,48.5,7.7
❌,1604,聲寶,2.4259999999999997,1.7,18.7,5.0,52.0,7.7
❌,2380,虹光,-0.792,0.72,30.5,2.2,77.5,7.7
❌,4949,有成精密,3.0000000000000004,1.91,36.2,8.4,27.2,7.7
❌,5525,順天,1.6300000000000001,1.4,39.1,20.9,73.4,7.7
❌,6902,GOGOLOOK,-0.688,1.58,88.3,6.0,45.7,7.7
❌,9924,福興,4.2620000000000005,3.08,22.0,9.8,22.1,7.7
❌,2353,宏碁,2.008,1.26,10.9,1.9,61.4,7.6
❌,8438,昶昕,2.122,2.1,12.9,6.0,37.5,7.6
❌,8442,威宏-KY,7.447999999999999,4.18,19.1,5.9,46.3,7.6
❌,1104,環泥,2.5260000000000002,2.56,23.2,15.4,19.6,7.5
❌,2748,雲品,1.9759999999999998,2.17,32.1,11.7,39.1,7.5
❌,3037,欣興,8.931999999999999,4.38,13.9,5.1,58.2,7.5
❌,4148,全宇生技-KY,3.062,2.28,28.1,10.1,18.5,7.5
❌,5388,中磊,6.392,4.04,15.7,3.0,67.0,7.5
❌,9925,新保,2.4219999999999997,2.37,33.2,9.4,28.7,7.5
❌,1402,遠東新,1.752,1.55,20.4,7.2,53.0,7.4
❌,1582,信錦,4.146,3.45,23.5,8.7,41.0,7.4
❌,2617,台航,3.646,3.18,41.7,36.9,32.4,7.4
❌,3022,威強電,6.906000000000001,4.63,33.5,8.8,24.7,7.4
❌,3305,昇貿,3.3920000000000003,3.16,13.3,6.2,54.6,7.4
❌,6606,建德工業,1.206,1.09,40.2,23.5,19.5,7.4
❌,1568,倉佑,1.506,1.36,32.4,15.7,14.9,7.3
❌,2331,精英,0.954,1.41,10.8,0.3,52.8,7.3
❌,9946,三發地產,0.8099999999999999,1.52,53.5,38.8,61.0,7.3
❌,3715,定穎投控,3.0149999999999997,2.7,19.3,6.0,67.2,7.2
❌,2478,大毅,4.01,3.45,22.8,11.5,30.0,7.1
❌,6213,聯茂,4.444,4.16,14.5,7.2,44.3,7.1
❌,1419,新紡,3.522,4.11,26.6,9.2,30.4,7.0
❌,1603,華電,2.59,3.26,13.2,10.4,37.7,6.9
❌,2450,神腦,2.232,1.72,10.5,1.0,39.7,6.9
❌,2468,華經,0.976,1.25,9.9,3.2,46.7,6.9
❌,4755,三福化,5.466,3.7,21.7,10.3,36.4,6.9
❌,6464,台數科,6.3759999999999994,4.2,50.1,26.6,52.9,6.9
❌,6792,詠業,4.1579999999999995,2.23,32.0,8.8,22.0,6.9
❌,2945,三商家購,1.938,2.14,27.3,1.2,65.6,6.8
❌,3051,力特,2.286,1.01,32.4,14.1,36.9,6.8
❌,6415,矽力*-KY,18.354,6.4,51.6,11.5,14.5,6.8
❌,6962,奕力-KY,5.8875,2.87,27.1,8.9,21.9,6.8
❌,1443,立益物流,1.51,1.13,48.5,34.4,76.5,6.7
❌,2495,普安,1.108,1.13,43.1,5.3,37.7,6.7
❌,1227,佳格,1.7260000000000002,1.33,24.6,4.7,31.9,6.6
❌,1470,大統新創,0.726,0.78,24.2,10.4,12.7,6.6
❌,1709,和益,1.582,1.23,14.9,7.0,24.0,6.6
❌,9908,大台北,1.81,1.72,23.0,14.6,26.8,6.6
❌,1522,堤維西,2.664,1.72,21.9,4.9,73.2,6.5
❌,2069,運錩,1.592,1.62,9.4,3.6,53.9,6.5
❌,2534,宏盛,1.9440000000000002,2.06,40.9,25.3,52.4,6.5
❌,2101,南港,0.6359999999999999,1.01,21.4,6.9,76.7,6.4
❌,3031,佰鴻,1.168,1.09,29.1,8.3,15.2,6.4
❌,3052,夆典,0.9380000000000001,1.1,12.6,7.7,73.3,6.4
❌,3038,全台,2.1100000000000003,1.1,23.0,5.2,32.6,6.3
❌,4576,大銀微系統,1.5539999999999998,2.01,36.5,11.9,36.7,6.3
❌,4722,國精化,2.56,2.0,16.8,6.3,52.9,6.3
❌,6205,詮欣,2.566,2.0,39.9,12.2,30.5,6.3
❌,6666,羅麗芬-KY,1.7240000000000002,2.42,65.5,11.0,25.1,6.3
❌,9914,美利達,6.843999999999999,4.01,14.1,6.2,43.7,6.3
❌,1717,長興,1.8519999999999999,1.41,20.6,4.2,53.1,6.2
❌,4916,事欣科,1.032,1.77,20.0,8.1,38.6,6.2
❌,5203,訊連,1.1099999999999999,3.63,84.5,15.0,23.6,6.2
❌,7780,大研生醫*,4.42,0.51,63.6,15.2,7.9,6.2
❌,1504,東元,2.386,2.42,23.8,8.9,32.0,6.1
❌,1903,士紙,0.534,1.29,65.2,-14.3,47.7,6.1
❌,2477,美隆電,2.4379999999999997,1.68,25.6,5.6,45.4,6.1
❌,2489,瑞軒,1.2899999999999998,1.22,9.7,1.8,37.0,6.1
❌,3312,弘憶股,2.484,1.74,5.3,2.4,62.8,6.1
❌,7730,暉盛-創,3.7880000000000003,1.73,44.9,14.3,23.0,6.1
❌,7732,金興精密,2.164,1.73,29.6,12.4,18.1,6.1
❌,1218,泰山,3.268,1.59,17.6,4.2,10.7,6.0
❌,2324,仁寶,2.002,1.38,5.6,1.4,66.4,6.0
❌,2387,精元,6.114,3.47,14.4,5.6,42.0,6.0
❌,3645,達邁,1.144,1.54,26.9,10.9,33.1,6.0
❌,6271,同欣電,10.962,7.64,27.6,13.9,22.2,6.0
❌,1437,勤益控,2.5460000000000003,2.41,54.5,44.2,39.6,5.9
❌,2250,IKKA-KY,4.766,3.99,17.0,4.8,41.0,5.9
❌,2328,廣宇,2.08,1.56,12.2,5.2,28.3,5.9
❌,2630,亞航,0.518,1.0,10.4,5.3,37.9,5.9
❌,2904,匯僑,1.1460000000000001,0.98,31.3,16.3,28.1,5.9
❌,3035,智原,5.554,2.81,27.0,3.1,28.5,5.9
❌,3056,富華新,4.188000000000001,1.07,22.0,14.6,41.9,5.9
❌,4572,駐龍,4.6259999999999994,3.0,34.5,20.6,31.7,5.9
❌,6243,迅杰,1.088,-0.52,43.0,0.5,33.9,5.9
❌,8940,新天地,0.172,0.55,49.1,4.3,60.2,5.9
❌,1732,毛寶,0.286,0.69,41.2,6.6,25.1,5.8
❌,1737,臺鹽,1.892,2.0,40.6,14.4,17.5,5.8
❌,2492,華新科,6.946000000000001,4.74,17.3,5.8,39.9,5.8
❌,6937,天虹,4.858,3.01,40.1,8.6,23.6,5.8
❌,1102,亞泥,3.694,3.0,15.8,11.8,37.2,5.7
❌,2201,裕隆,1.8719999999999999,0.93,32.3,8.2,74.4,5.7
❌,2105,正新,1.8699999999999999,1.5,22.7,7.9,38.7,5.6
❌,3704,合勤控,2.5420000000000003,1.56,26.7,3.4,45.8,5.6
❌,8249,菱光,2.8400000000000003,4.03,20.5,9.5,26.4,5.6
❌,3059,華晶科,1.236,1.24,26.0,5.5,38.0,5.5
❌,3530,晶相光,1.5819999999999999,1.74,26.9,7.4,11.7,5.5
❌,4912,聯德控股-KY,5.279999999999999,1.98,21.5,6.4,56.9,5.5
❌,2609,陽明,25.018,4.9,14.9,9.1,28.1,5.3
❌,4720,德淵,0.696,0.74,23.0,3.4,48.6,5.3
❌,4952,凌通,3.242,1.03,33.4,4.1,23.4,5.3
❌,5285,界霖,2.9400000000000004,1.53,13.3,4.4,44.1,5.3
❌,6133,金橋,0.352,0.72,24.0,10.5,34.0,5.3
❌,3062,建漢,-0.266,0.68,4.7,-12.5,36.0,5.2
❌,3652,精聯,1.076,1.34,34.2,4.5,26.1,5.2
❌,2115,六暉-KY,2.338,1.58,20.7,8.5,30.2,5.1
❌,2474,可成,14.102,11.33,31.6,16.6,35.9,5.1
❌,3501,維熹,4.55,3.0,20.0,7.7,27.7,5.1
❌,3703,欣陸,2.21,1.8,12.0,4.8,69.7,5.1
❌,4746,台耀,4.07,3.67,41.9,16.6,37.3,5.1
❌,6209,今國光,-0.132,0.92,19.4,5.1,35.8,5.1
❌,1233,天仁,0.766,0.75,59.8,3.3,38.3,5.0
❌,1417,嘉裕,0.10200000000000001,0.62,53.5,-3.8,16.7,5.0
❌,1735,日勝化,0.592,0.78,18.1,2.3,47.5,5.0
❌,2108,南帝,4.151999999999999,0.83,22.3,7.4,10.2,5.0
❌,2351,順德,3.8579999999999997,1.66,13.3,4.9,42.9,5.0
❌,2352,佳世達,2.336,0.64,16.8,1.5,70.5,4.9
❌,2605,新興,1.262,1.45,26.0,18.1,20.7,4.9
❌,2613,中櫃,1.0739999999999998,1.14,17.0,10.4,67.6,4.9
❌,5906,台南-KY,2.42,0.98,55.1,2.5,65.1,4.9
❌,6719,力智,8.046,6.58,34.8,14.6,16.3,4.9
❌,8476,台境*,2.666,0.52,18.5,9.1,55.0,4.9
❌,1532,勤美,2.3899999999999997,0.98,24.0,7.3,63.9,4.8
❌,1533,車王電,-0.11200000000000003,0.58,29.9,3.7,69.8,4.8
❌,4106,雃博,1.292,1.2,45.9,6.3,20.4,4.8
❌,4942,嘉彰,4.492,3.06,23.4,9.4,23.0,4.8
❌,6873,泓德能源,6.85,3.59,25.7,10.1,63.2,4.8
❌,8039,台虹,2.696,2.07,19.2,4.6,26.0,4.8
❌,9905,大華,1.58,1.3,9.6,4.5,27.4,4.8
❌,1451,年興,0.9059999999999999,1.76,11.5,1.8,15.3,4.7
❌,1525,江申,4.138,3.21,14.8,3.3,12.0,4.7
❌,1617,榮星,0.62,0.68,7.2,-0.0,30.5,4.7
❌,3296,勝德,-0.426,0.61,21.2,3.1,43.4,4.7
❌,6202,盛群,2.904,0.76,38.5,3.5,28.3,4.7
❌,7722,LINEPAY,7.388,7.46,32.7,7.5,47.3,4.7
❌,1109,信大,1.6219999999999999,1.03,16.0,9.5,10.1,4.6
❌,2409,友達,0.43600000000000005,0.9,11.5,-0.4,57.1,4.6
❌,2545,皇翔,5.306,1.92,40.5,24.2,75.2,4.6
❌,4569,六方科-KY,7.384,4.13,20.8,8.0,22.0,4.6
❌,4764,雙鍵,0.362,1.22,19.8,5.8,50.9,4.6
❌,6689,伊雲谷,2.456,2.31,10.5,0.7,47.8,4.6
❌,6965,中傑-KY,11.405000000000001,3.5,11.6,2.1,29.7,4.6
❌,7788,松川精密,7.42,3.63,27.0,7.3,44.0,4.6
❌,2302,麗正,0.666,0.49,36.6,13.9,30.6,4.5
❌,5521,工信,0.154,0.52,6.7,2.7,59.3,4.5
❌,9955,佳龍,-0.748,0.54,8.5,-1.1,56.2,4.5
❌,1515,力山,1.716,0.97,12.7,-0.4,51.8,4.4
❌,1614,三洋電,1.1179999999999999,0.97,20.3,4.6,17.4,4.4
❌,2465,麗臺,-0.512,0.43,9.8,2.0,27.5,4.4
❌,8072,陞泰,0.932,1.11,16.5,4.7,9.6,4.4
❌,1234,黑松,2.182,2.0,29.1,4.4,21.2,4.3
❌,2611,志信,0.992,0.52,31.7,1.7,28.0,4.3
❌,1339,昭輝,4.128,2.41,34.6,16.4,18.0,4.2
❌,1725,元禎,1.54,1.53,4.6,1.8,24.6,4.2
❌,4438,廣越,6.3020000000000005,3.04,13.2,4.1,41.3,4.2
❌,5215,科嘉-KY,4.382,2.04,22.0,5.2,22.7,4.2
❌,8033,雷虎,0.22999999999999998,0.58,37.3,-2.6,32.6,4.2
❌,8046,南電,11.751999999999999,3.01,9.1,4.9,24.6,4.2
❌,2359,所羅門,1.802,1.23,22.7,1.6,37.9,4.1
❌,2363,矽統,0.808,1.53,31.1,-3.4,10.0,4.1
❌,2375,凱美,4.862,3.73,20.0,8.8,32.2,4.1
❌,2634,漢翔,1.552,0.78,7.1,3.3,66.9,4.1
❌,6155,鈞寶,1.136,0.74,24.4,4.9,24.3,4.1
❌,6908,宏碁遊戲-創,3.4939999999999998,1.44,11.6,1.5,53.1,4.1
❌,3716,中化控股,2.4400000000000004,2.39,38.7,5.0,38.8,4.0
❌,4414,如興,-1.5060000000000002,0.68,19.7,3.7,66.4,4.0
❌,2305,全友,0.098,0.2,44.5,1.0,20.9,3.9
❌,2408,南亞科,2.0420000000000003,2.13,22.5,7.9,18.2,3.9
❌,2540,愛山林,3.272,0.69,20.6,9.0,72.8,3.9
❌,4155,訊映,0.646,0.58,27.6,6.9,33.1,3.9
❌,4552,力達-KY,2.738,2.07,19.4,9.0,20.9,3.9
❌,6743,安普新,0.5860000000000001,0.71,19.0,7.9,70.7,3.9
❌,1416,廣豐,0.612,0.81,36.4,-0.7,27.0,3.8
❌,2049,上銀,7.794,4.31,28.8,6.8,30.8,3.8
❌,2107,厚生,1.906,1.67,34.2,19.6,12.5,3.8
❌,2367,燿華,0.558,0.68,14.9,2.8,48.1,3.8
❌,4930,燦星網,2.654,0.6,14.5,0.4,43.7,3.8
❌,6863,永道-KY,5.956,3.0,22.3,8.9,35.7,3.8
❌,2355,敬鵬,1.6940000000000002,1.6,11.5,3.0,28.5,3.7
❌,3138,耀登,4.364,1.5,40.7,4.3,52.8,3.7
❌,3311,閎暉,1.3279999999999998,1.67,12.5,1.8,27.4,3.7
❌,8213,志超,4.618,2.27,11.5,4.8,46.3,3.7
❌,1521,大億,0.966,0.87,16.3,2.9,37.7,3.6
❌,1563,巧新,2.45,1.42,21.3,8.1,51.8,3.6
❌,1702,南僑,3.194,1.12,24.8,2.5,53.6,3.6
❌,3164,景岳,0.734,0.66,62.7,14.4,12.9,3.6
❌,3308,聯德,1.504,0.68,46.6,-407.8,48.4,3.6
❌,2022,聚亨,0.074,-0.02,10.0,1.0,33.3,3.5
❌,6715,嘉基,5.182,1.8,37.1,10.1,22.9,3.5
❌,5471,松翰,3.012,0.72,41.4,3.8,11.8,3.4
❌,6835,圓裕,3.0740000000000003,0.97,21.6,5.9,54.9,3.4
❌,1597,直得,2.168,0.91,41.0,9.3,41.2,3.3
❌,2705,六福,-0.45999999999999996,0.87,32.7,6.6,68.2,3.3
❌,3266,昇陽,1.0539999999999998,0.58,32.2,12.8,52.0,3.3
❌,3669,圓展,3.2920000000000003,1.13,58.4,4.4,26.3,3.2
❌,8374,羅昇,0.376,-0.55,25.0,2.6,46.1,3.2
❌,1103,嘉泥,0.43599999999999994,0.84,16.2,-2.7,42.6,3.1
❌,2012,春雨,1.376,0.2,13.8,3.6,60.3,3.1
❌,2103,台橡,1.864,0.54,9.8,2.7,50.3,3.1
❌,6834,天二科技,0.712,0.5,17.9,3.1,35.7,3.1
❌,1727,中華化,0.782,0.04,11.0,0.1,40.4,3.0
❌,2524,京城,3.5700000000000003,1.71,45.7,31.5,47.3,3.0
❌,3015,全漢,3.0200000000000005,1.86,17.4,1.1,32.4,3.0
❌,4164,承業醫,1.8399999999999999,1.0,26.1,9.0,48.5,3.0
❌,8045,達運光電,1.886,0.64,38.9,6.2,21.2,3.0
❌,1907,永豐餘,1.542,1.19,13.0,-1.1,46.6,2.9
❌,2344,華邦電,1.48,0.88,34.9,6.2,40.6,2.9
❌,2354,鴻準,2.8099999999999996,2.32,3.7,1.6,32.7,2.9
❌,1217,愛之味,0.476,0.42,27.6,1.5,44.9,2.8
❌,1410,南染,0.716,0.58,29.5,-3.2,16.7,2.8
❌,1512,瑞利,-0.616,0.19,32.1,-2.4,76.9,2.8
❌,2515,中工,0.714,0.4,7.6,4.6,66.4,2.8
❌,3673,TPK-KY,1.67,2.71,6.3,1.2,53.4,2.8
❌,4566,時碩工業,3.0100000000000002,1.36,22.1,4.4,52.4,2.8
❌,6505,台塑化,2.134,1.04,3.5,1.7,13.3,2.8
❌,1201,味全,0.654,0.4,27.2,1.7,56.5,2.7
❌,1904,正隆,1.5939999999999999,0.74,18.0,4.4,58.3,2.7
❌,2362,藍天,2.2640000000000002,2.05,22.4,7.9,57.0,2.7
❌,2484,希華,2.128,0.65,17.5,3.3,19.3,2.7
❌,2538,基泰,0.39799999999999996,0.35,83.5,9.3,67.8,2.7
❌,4739,康普,2.292,1.56,13.7,7.1,46.6,2.7
❌,6136,富爾特,0.95,0.89,25.7,-9.2,11.5,2.7
❌,6658,聯策,1.636,1.38,22.5,4.5,55.8,2.7
❌,2413,環科,0.646,0.41,15.2,0.7,51.6,2.6
❌,2483,百容,0.842,0.6,9.2,-6.6,38.3,2.6
❌,3002,歐格,0.11200000000000002,0.36,18.3,-6.4,25.2,2.6
❌,3003,健和興,3.818,0.99,22.2,6.6,19.3,2.6
❌,3024,憶聲,0.48200000000000004,0.28,24.5,7.6,37.1,2.6
❌,2029,盛餘,2.002,0.74,10.3,2.2,10.3,2.5
❌,3532,台勝科,5.984,1.58,14.7,8.1,51.8,2.5
❌,9921,巨大,9.012,1.84,19.8,1.8,46.9,2.5
❌,1110,東泥,0.348,0.36,15.0,8.5,26.2,2.4
❌,3006,晶豪科,3.9560000000000004,0.87,17.1,2.4,39.5,2.4
❌,2365,昆盈,0.354,0.32,41.0,5.5,12.6,2.3
❌,1473,台南,1.372,0.57,15.7,1.4,28.5,2.2
❌,2227,裕日車,5.774,1.3,9.5,-4.0,20.8,2.2
❌,4935,茂林-KY,5.16,1.34,14.9,1.6,20.6,2.2
❌,7721,微程式,1.55,0.55,68.2,6.1,19.8,2.2
❌,1806,冠軍,0.488,0.29,22.8,3.0,35.6,2.1
❌,2466,冠西電,0.254,0.25,0.5,-29.9,53.1,2.1
❌,4306,炎洲,1.204,0.26,15.3,3.9,63.2,2.1
❌,8150,南茂,3.37,0.7,10.8,4.8,47.1,2.1
❌,1434,福懋,0.99,0.51,11.2,2.7,25.9,2.0
❌,1468,昶和,0.32199999999999995,0.21,12.8,-0.3,54.2,2.0
❌,2030,彰源,1.6600000000000001,0.35,9.4,2.2,57.2,2.0
❌,3094,聯傑,0.5439999999999999,0.25,75.7,0.0,9.2,2.0
❌,4119,旭富,2.378,0.9,26.1,11.6,21.7,2.0
❌,4585,達明,0.9800000000000001,1.46,51.0,6.1,11.3,2.0
❌,1463,強盛新,0.994,0.13,11.0,-0.5,12.9,1.9
❌,1474,弘裕,0.506,0.34,11.3,0.1,41.1,1.9
❌,1587,吉茂,0.8019999999999999,0.37,19.1,2.5,57.7,1.9
❌,2511,太子,0.55,0.33,27.7,5.7,45.0,1.9
❌,3376,新日興,5.568,1.63,14.0,1.6,22.7,1.9
❌,5244,弘凱,2.6,0.51,40.1,4.2,33.6,1.9
❌,6756,威鋒電子,5.918,1.11,48.5,-7.1,24.9,1.9
❌,1220,台榮,0.6559999999999999,0.08,10.5,1.0,27.4,1.8
❌,2419,仲琦,0.244,-0.36,18.8,1.5,44.4,1.8
❌,2430,燦坤,2.584,0.7,15.0,0.8,65.6,1.8
❌,4169,泰宗,0.29,0.32,46.2,2.7,12.4,1.8
❌,1722,台肥,2.556,0.95,13.1,3.0,33.4,1.7
❌,3021,鴻名,1.098,0.33,15.6,3.3,49.0,1.7
❌,3588,通嘉,2.4,0.5,34.0,1.2,11.7,1.7
❌,5533,皇鼎,2.4880000000000004,0.56,30.0,14.0,18.5,1.7
❌,9940,信義,1.988,0.28,19.4,3.7,57.8,1.7
❌,1805,寶徠,0.06599999999999998,0.2,29.3,9.6,18.8,1.6
❌,1315,達新,2.962,1.55,14.5,-1.1,6.1,1.5
❌,1776,展宇,0.754,0.28,17.3,3.4,36.9,1.5
❌,1303,南亞,3.218,0.57,8.3,1.4,39.1,1.4
❌,1414,東和,0.344,0.19,13.1,-3.4,30.6,1.4
❌,1605,華新,2.496,0.75,6.4,0.0,42.0,1.4
❌,2486,一詮,0.696,0.22,14.2,2.0,55.7,1.4
❌,1789,神隆,0.344,0.17,34.7,3.4,11.2,1.3
❌,2527,宏璟,3.0740000000000003,0.93,48.4,2.7,46.9,1.3
❌,3040,遠見,1.128,0.32,57.9,3.4,21.7,1.3
❌,2399,映泰,0.32999999999999996,0.15,6.5,-8.8,16.2,1.2
❌,2462,良得電,1.186,0.27,13.1,2.5,37.4,1.2
❌,2506,太設,0.78,0.02,45.3,2.9,33.6,1.2
❌,1464,得力,0.5900000000000001,0.35,19.3,2.9,66.2,1.1
❌,2034,允強,0.726,0.21,8.5,1.6,55.9,1.1
❌,3050,鈺德,0.54,0.04,33.2,3.1,47.9,1.1
❌,2062,橋椿,2.168,0.39,9.7,1.1,32.3,1.0
❌,2417,圓剛,-0.014000000000000002,-0.19,55.7,0.4,31.8,1.0
❌,4555,氣立,0.974,0.19,30.9,3.1,34.5,1.0
❌,6451,訊芯-KY,2.09,0.26,16.2,2.2,59.9,1.0
❌,6796,晉弘,1.4120000000000001,0.2,42.3,2.7,52.6,1.0
❌,1323,永裕,1.77,0.26,13.3,-0.2,45.4,0.9
❌,1539,巨庭,1.986,0.21,9.7,2.5,25.7,0.9
❌,1809,中釉,0.21000000000000002,0.19,19.9,1.0,26.7,0.8
❌,2401,凌陽,0.32199999999999995,-0.37,46.6,-1.5,24.3,0.8
❌,2704,國賓,1.482,0.57,28.9,-1.1,23.1,0.8
❌,6641,基士德-KY,2.888,0.46,31.5,-0.6,32.7,0.8
❌,1506,正道,0.236,0.06,16.3,-0.1,13.0,0.7
❌,4545,銘鈺,1.3760000000000001,0.17,15.3,1.5,39.1,0.7
❌,2106,建大,0.746,0.13,19.2,1.7,57.0,0.6
❌,6164,華興,0.196,0.07,34.1,0.9,35.8,0.6
❌,6282,康舒,0.522,0.18,25.7,2.3,55.4,0.6
❌,9906,欣巴巴,4.220000000000001,0.09,32.8,5.9,84.9,0.6
❌,3717,聯嘉投控,0.08,0.08,15.4,1.7,61.6,0.5
❌,2388,威盛,2.17,0.12,22.5,-13.1,36.6,0.4
❌,3016,嘉晶,1.058,0.07,7.9,0.5,28.4,0.4
❌,3346,麗清,1.326,0.11,10.5,0.3,65.4,0.4
❌,6477,安集,0.73,0.02,32.1,18.8,58.6,0.4
❌,1453,大將,0.312,0.04,284.8,-2403.6,50.4,0.3
❌,1471,首利,-0.278,0.03,8.5,-52.4,7.6,0.3
❌,1810,和成,0.818,0.05,25.8,-1.1,33.1,0.3
❌,3481,群創,0.31000000000000016,0.03,8.2,-1.8,41.8,0.3
❌,8429,金麗-KY,-0.188,0.12,17.0,-8.1,9.9,0.3
❌,1611,中電,0.418,0.03,31.9,6.8,18.5,0.2
❌,2007,燁興,-1.484,-2.24,-11.8,-15.5,65.8,0.2
❌,2434,統懋,-0.45999999999999996,0.02,-17.5,-136.3,33.0,0.2
❌,9944,新麗,1.6420000000000001,-0.16,28.1,2.0,39.9,0.2
❌,3607,谷崧,-0.924,0.02,10.3,-2.9,39.0,0.1
❌,1219,福壽,0.784,0.45,8.5,0.0,52.3,-0.0
❌,3557,嘉威,5.286,0.01,33.9,3.7,61.7,0.0
❌,4133,亞諾法,0.686,-0.02,44.4,4.9,5.3,-0.1
❌,6168,宏齊,0.844,0.05,25.2,-2.0,16.9,-0.1
❌,4807,日成-KY,-0.35000000000000003,-0.24,14.5,1.3,43.1,-0.2
❌,3504,揚明光,-0.794,-0.08,17.2,-2.7,33.9,-0.3
❌,6224,聚鼎,2.242,0.67,28.2,0.2,45.2,-0.3
❌,8104,錸寶,-0.040000000000000015,-0.55,15.7,3.8,63.1,-0.3
❌,1526,日馳,2.112,-0.11,21.8,-6.7,41.5,-0.5
❌,1531,高林股,0.47800000000000004,-0.12,20.2,-2.8,15.9,-0.6
❌,1440,南紡,0.65,-0.15,7.3,-4.1,38.9,-0.7
❌,6582,申豐,6.790000000000001,-0.41,-5.5,-23.9,3.3,-0.7
❌,2908,特力,0.77,0.23,25.3,0.5,77.2,-0.8
❌,4906,正文,1.29,-0.25,13.8,0.4,38.0,-0.9
❌,6456,GIS-KY,2.944,-0.79,6.5,-0.7,54.3,-0.9
❌,4557,永新-KY,7.161999999999999,-0.67,29.6,-0.0,51.1,-1.1
❌,6969,成信實業*-創,-1.1875,-0.09,29.9,4.8,70.6,-1.1
❌,2002,中鋼,1.0239999999999998,-0.29,2.8,-1.2,51.0,-1.2
❌,2390,云辰,0.14999999999999994,-0.14,21.1,-4.9,14.2,-1.2
❌,2601,益航,-0.758,-1.63,14.5,3.3,36.8,-1.2
❌,6830,汎銓,3.8200000000000003,-0.71,23.7,2.6,51.3,-1.2
❌,3591,艾笛森,0.442,-0.34,21.2,0.2,27.5,-1.4
❌,5608,四維航,2.232,-0.13,6.4,-3.0,47.3,-1.4
❌,6120,達運,-0.10600000000000001,-0.19,5.0,-1.4,45.3,-1.4
❌,1236,宏亞,0.6220000000000001,-0.43,25.3,-2.4,28.6,-1.5
❌,1802,台玻,0.5940000000000001,-0.2,11.6,0.9,44.6,-1.5
❌,8163,達方,3.376,0.51,15.9,-0.3,61.5,-1.5
❌,3380,明泰,0.708,-0.36,17.4,-0.6,46.0,-1.6
❌,9929,秋雨,-0.404,-0.07,14.4,2.2,55.9,-1.6
❌,1326,台化,1.67,-0.99,3.2,-1.4,29.3,-1.7
❌,1711,永光,0.386,-0.21,19.0,-2.6,34.1,-1.7
❌,2702,華園,3.8600000000000003,-0.35,87.1,7.8,51.6,-1.7
❌,3060,銘異,0.028000000000000014,-0.39,12.3,0.7,41.0,-1.7
❌,8105,凌巨,0.396,-0.3,5.9,-1.8,27.3,-1.7
❌,6283,淳安,-0.33399999999999996,-0.22,15.9,-3.0,25.7,-1.9
❌,9934,成霖,-0.012,-0.29,34.1,1.4,61.8,-1.9
❌,1452,宏益,0.8480000000000001,-0.41,1.9,-5.0,5.0,-2.0
❌,2426,鼎元,0.266,-0.25,12.4,-1.6,18.7,-2.0
❌,6405,悅城,-0.348,-1.26,-3555.2,-13677.5,0.5,-2.0
❌,2440,太空梭,-0.21400000000000002,-0.23,3.8,0.3,44.3,-2.1
❌,4540,全球傳動,-0.23599999999999993,-0.66,9.6,-11.7,54.2,-2.1
❌,6225,天瀚,-0.022,-0.06,40.8,-8.0,11.5,-2.1
❌,8466,美吉吉-KY,0.6900000000000001,-0.81,15.1,2.3,52.8,-2.1
❌,2405,輔信,0.122,-0.2,36.8,-5.3,18.1,-2.3
❌,3701,大眾控,0.9540000000000001,-0.38,17.5,-0.1,51.2,-2.3
❌,6504,南六,0.874,-1.09,12.7,2.9,64.8,-2.3
❌,1325,恆大,0.472,-0.7,-17.8,-32.5,3.4,-2.4
❌,1909,榮成,-0.061999999999999986,-0.39,9.9,-0.0,70.4,-2.6
❌,8411,福貞-KY,-0.051999999999999935,-0.69,6.4,-0.7,54.9,-2.6
❌,6226,光鼎,-0.27,-0.28,28.5,-8.3,43.2,-2.7
❌,1301,台塑,3.254,-1.58,3.2,-4.3,34.8,-2.8
❌,1338,廣華-KY,0.06600000000000002,-2.24,23.5,-0.8,54.5,-2.8
❌,2321,東訊,-0.734,-0.76,30.1,-0.8,63.8,-2.9
❌,6142,友勁,0.12999999999999998,-0.26,9.4,-10.6,30.0,-2.9
❌,6854,錼創科技-KY創,-4.970000000000001,-1.02,42.4,-10.2,25.0,-3.0
❌,1460,宏遠,-0.41200000000000003,-0.27,15.0,-1.0,49.7,-3.1
❌,6928,攸泰科技,1.6019999999999999,-0.73,26.4,-5.7,23.1,-3.1
❌,1235,興泰,0.654,-0.03,27.5,2.8,43.2,-3.2
❌,1528,恩德,0.142,-0.35,31.1,1.7,57.9,-3.2
❌,2342,茂矽,0.8160000000000001,-0.49,14.9,-4.3,25.1,-3.3
❌,6426,統新,-0.882,-0.78,29.9,-5.0,11.4,-3.3
❌,2038,海光,0.724,-0.56,1.3,-0.9,58.7,-3.4
❌,2464,盟立,1.1800000000000002,-0.84,18.6,-1.1,55.7,-3.4
❌,1314,中石化,0.03200000000000001,-0.78,-9.6,-18.6,41.0,-3.6
❌,2349,錸德,-0.288,-0.36,13.7,-1.6,48.5,-3.6
❌,2722,夏都,0.358,-0.49,31.9,-16.1,27.9,-3.6
❌,3708,上緯投控,12.530000000000001,35.57,15.2,-45.5,18.6,-3.7
❌,6230,尼得科超眾,3.442,-2.44,15.2,-0.4,43.9,-3.7
❌,6919,康霈*,-3.318,-0.23,69.7,-1859.3,0.7,-3.7
❌,1905,華紙,-0.09200000000000001,-0.56,2.7,-8.1,54.0,-3.9
❌,4999,鑫禾,0.9099999999999999,-1.68,13.9,-3.6,16.5,-3.9
❌,6698,旭暉應材,-0.8140000000000001,-1.65,23.8,0.3,34.5,-3.9
❌,9902,台火,0.21599999999999997,-0.47,7.2,-1.5,6.7,-3.9
❌,1517,利奇,0.538,-0.69,3.2,-16.3,16.8,-4.0
❌,1467,南緯,-0.198,-0.45,19.2,-0.0,65.9,-4.1
❌,6108,競國,0.42200000000000004,-0.88,4.3,-8.7,49.7,-4.2
❌,6952,大武山,1.13,-1.08,18.5,1.4,53.8,-4.2
❌,2425,承啟,1.4,-0.32,7.0,-0.4,43.0,-4.3
❌,2723,美食-KY,2.7520000000000002,-2.47,59.4,3.7,42.1,-4.3
❌,2509,全坤建,-0.43000000000000005,-0.8,30.6,-36.9,69.2,-4.5
❌,2461,光群雷,1.176,-0.61,20.7,-0.5,52.6,-4.6
❌,3229,晟鈦,-0.612,-0.43,6.5,-0.2,30.4,-4.6
❌,5531,鄉林,-0.522,-0.28,22.6,-71.2,77.9,-4.6
❌,9928,中視,-0.492,-1.4,1.3,-17.6,60.0,-4.6
❌,1626,艾美特-KY,-0.12,-0.86,19.6,-1.4,66.1,-4.7
❌,1321,大洋,0.32999999999999996,-1.25,7.2,-3.7,50.0,-4.8
❌,2642,宅配通,0.844,-1.04,6.9,-3.9,49.3,-4.8
❌,8201,無敵,-0.40199999999999997,-0.35,24.5,-7.3,33.4,-4.8
❌,2254,巨鎧精密-創,1.85,-0.84,22.0,-8.5,49.5,-4.9
❌,2332,友訊,0.13399999999999998,-0.9,24.6,-2.5,32.0,-4.9
❌,4956,光鋐,-0.33399999999999996,-0.8,5.1,-6.6,40.2,-5.0
❌,1101,台泥,0.9899999999999999,-1.6,18.4,6.7,50.3,-5.1
❌,1313,聯成,-0.49000000000000005,-1.17,2.0,-2.5,45.0,-5.3
❌,1445,大宇,1.044,-0.87,11.3,-12.2,52.5,-5.3
❌,1418,東華,-0.556,-1.29,77.0,-1403.9,78.0,-5.7
❌,2241,艾姆勒,-1.768,-0.7,3.5,-16.6,33.5,-5.7
❌,3686,達能,-0.304,-0.5,-0.7,-32.5,1.5,-5.7
❌,6838,台新藥,-2.572,-0.55,-16.8,-1796.9,29.6,-5.7
❌,4190,佐登-KY,-0.24799999999999991,-1.59,64.1,-4.0,75.9,-5.8
❌,4108,懷特,-0.33999999999999997,-0.29,30.7,-129.7,2.5,-5.9
❌,2017,官田鋼,0.34199999999999997,-0.56,0.4,-14.7,52.9,-6.3
❌,6116,彩晶,-0.4699999999999999,-0.75,-15.4,-29.7,21.1,-6.3
❌,3714,富采,-2.2640000000000002,-3.69,5.7,-15.7,18.1,-6.4
❌,8488,吉源-KY,-0.8899999999999999,-2.05,3.6,-4.2,54.5,-6.4
❌,2485,兆赫,-0.9119999999999999,-0.96,4.3,-14.5,19.2,-6.5
❌,2929,淘帝-KY,-1.476,-1.68,8.6,-11.0,27.7,-6.7
❌,4142,國光生,-0.378,-0.57,20.6,-25.7,38.3,-6.7
❌,8215,明基材,1.568,-1.14,14.5,-2.1,67.5,-6.7
❌,3027,盛達,0.010000000000000009,-1.06,17.4,-3.2,19.4,-6.8
❌,3049,精金,-0.31800000000000006,-0.64,-29.5,-43.3,45.6,-6.8
❌,1324,地球,-0.026000000000000002,-0.82,13.7,-8.8,17.5,-6.9
❌,1441,大東,-1.3699999999999999,-0.45,6.6,-3.3,66.8,-6.9
❌,6558,興能高,-0.40199999999999997,-1.02,18.7,-5.8,20.6,-6.9
❌,3550,聯穎,-1.3259999999999998,-1.18,14.9,-3.5,61.7,-7.0
❌,1589,永冠-KY,-2.3825,-5.17,-0.7,-16.4,63.9,-7.1
❌,2457,飛宏,-0.21000000000000002,-1.48,21.1,-6.1,35.8,-7.1
❌,2337,旺宏,1.3820000000000001,-1.77,17.8,-12.8,41.6,-7.2
❌,1530,亞崴,1.886,-2.45,14.3,-4.0,42.0,-7.3
❌,1213,大飲,0.48000000000000015,-0.85,-2.5,-16.2,16.6,-7.4
❌,1309,台達化,0.7219999999999999,-1.07,4.1,-2.9,32.9,-7.4
❌,6988,威力暘-創,-0.20333333333333328,-1.13,26.5,-5.8,38.8,-7.4
❌,1466,聚隆,-0.258,-1.07,6.7,-3.4,55.5,-7.6
❌,2482,連宇,1.042,-1.09,42.4,-19.5,17.6,-7.8
❌,1762,中化生,2.232,-4.39,-1.1,-39.7,28.5,-7.9
❌,6706,惠特,2.66,-3.92,15.2,-33.8,50.5,-8.0
❌,3535,晶彩科,0.8,-1.07,40.4,-19.6,37.3,-8.1
❌,5484,慧友,-0.8240000000000001,-0.6,22.9,-14.7,47.4,-8.2
❌,6674,鋐寶科技,-1.7759999999999998,-1.13,34.6,-11.2,23.3,-8.4
❌,6742,澤米,0.8400000000000001,-1.52,-3.8,-23.9,26.0,-8.5
❌,2369,菱生,0.19800000000000004,-1.05,-1.6,-8.2,34.5,-8.7
❌,1455,集盛,-0.04600000000000002,-0.99,-2.0,-7.3,36.9,-9.0
❌,6589,台康生技,-1.67,-2.51,19.3,-80.2,23.8,-9.1
❌,6533,晶心科,0.09000000000000022,-8.2,99.9,-28.4,29.4,-9.2
❌,6668,中揚光,-3.114,-1.93,14.0,-17.6,40.8,-9.2
❌,1444,力麗,0.082,-0.78,2.5,-5.4,44.5,-9.3
❌,6916,華凌,1.5260000000000002,-1.44,23.9,-3.9,57.2,-9.3
❌,6770,力積電,1.3639999999999999,-1.86,-3.3,-12.8,54.1,-9.5
❌,6958,日盛台駿,0.7875000000000001,-2.38,30.7,-15.5,86.7,-9.5
❌,3057,喬鼎,-0.806,-0.88,33.1,-23.0,37.4,-9.7
❌,1310,台苯,-0.696,-1.37,-6.3,-8.3,24.4,-9.8
❌,1454,台富,-0.11200000000000002,-1.12,2.0,-8.4,30.6,-9.9
❌,1536,和大,0.518,-2.74,2.8,-10.5,63.5,-10.0
❌,2239,英利-KY,0.051999999999999956,-7.87,10.0,-2.7,51.3,-10.0
❌,1308,亞聚,0.968,-1.76,4.3,0.1,12.6,-10.2
❌,3543,州巧,-0.21200000000000002,-2.24,10.1,-8.1,38.7,-10.2
❌,4178,永笙-KY,-1.4233333333333331,-0.92,34.4,-61.0,43.7,-10.2
❌,4564,元翎,-0.682,-1.86,-20.3,-34.2,37.9,-10.2
❌,4737,華廣,-0.34400000000000003,-2.68,34.1,-10.7,69.2,-10.3
❌,6269,台郡,3.1919999999999997,-6.95,1.3,-14.8,36.4,-10.3
❌,3518,柏騰,-0.742,-1.56,6.8,-49.1,37.7,-10.8
❌,5546,永固-KY,-0.5399999999999999,-2.13,6.9,-5.2,59.7,-11.0
❌,6869,雲豹能源,3.9579999999999997,-4.2,10.8,1.8,65.3,-11.0
❌,1447,力鵬,-0.23399999999999999,-0.97,0.7,-1.8,48.1,-11.2
❌,6695,芯鼎,-0.04400000000000004,-1.83,39.2,-22.1,15.9,-11.3
❌,3545,敦泰,4.13,-4.64,24.8,-1.1,36.3,-11.5
❌,1583,程泰,4.544,-4.83,18.1,-3.8,49.2,-11.6
❌,3432,台端,-4.258,-0.87,15.9,-21.6,14.5,-11.9
❌,3576,聯合再生,-0.9400000000000001,-0.77,-21.8,-50.2,56.7,-12.0
❌,1710,東聯,0.07599999999999998,-1.01,0.9,-4.1,64.6,-12.3
❌,2023,燁輝,-0.010000000000000054,-1.85,8.3,0.1,66.7,-12.3
❌,1305,華夏,0.27999999999999997,-1.58,-3.8,-13.7,52.7,-12.7
❌,1337,再生-KY,-1.658,-1.74,-18.6,-60.5,42.1,-12.7
❌,4562,穎漢,-0.96,-1.28,36.4,-15.5,57.1,-12.7
❌,4919,新唐,3.9299999999999997,-3.97,36.7,-4.0,56.3,-12.7
❌,3043,科風,0.1620000000000001,-2.67,21.7,-2.2,57.4,-12.9
❌,4195,基米-創,-0.9019999999999999,-0.54,32.7,-11.9,59.2,-13.3
❌,2231,為升,2.774,-1.63,32.6,-2.7,59.3,-13.5
❌,3047,訊舟,0.094,-0.9,27.6,-7.5,47.6,-13.5
❌,2923,鼎固-KY,-0.37,-3.62,50.2,-96.4,60.3,-13.6
❌,1340,勝悅-KY,-3.938,-2.61,-86.1,-334.1,11.4,-13.8
❌,8443,阿瘦,-1.798,-1.46,56.5,-9.8,58.2,-14.6
❌,7823,奧義賽博-KY創,0.17,-1.49,81.4,-10.9,48.8,-15.0
❌,1598,岱宇,-0.18200000000000002,-3.35,36.0,-6.8,56.3,-15.2
❌,2014,中鴻,0.386,-1.29,-8.4,-10.6,55.0,-15.3
❌,1312,國喬,-0.21400000000000005,-3.97,-6.9,-17.9,51.6,-15.8
❌,2429,銘旺科,-1.064,-1.4,3.2,-28.1,55.2,-16.3
❌,9912,偉聯,-0.518,-1.12,41.5,-12.0,51.5,-18.1
❌,2104,國際中橡,-0.678,-4.28,-5.2,-14.6,48.1,-18.3
❌,3437,榮創,-0.932,-2.65,3.8,-28.4,24.0,-19.0
❌,3058,立德,-1.25,-1.44,9.3,-11.7,68.6,-19.4
❌,2236,百達-KY,1.334,-6.81,10.7,-0.2,71.3,-19.6
❌,3055,蔚華科,-1.3920000000000001,-2.68,16.1,-65.9,17.0,-19.6
❌,6152,百一,-0.19199999999999998,-1.47,13.2,-19.5,56.6,-19.7
❌,4960,誠美材,-0.44000000000000006,-2.58,-4.5,-15.5,43.4,-19.9
❌,1721,三晃,-0.874,-1.84,-7.3,-18.8,46.5,-20.6
❌,2340,台亞,-0.08200000000000003,-2.88,-3.2,-29.7,51.9,-21.0
❌,2431,聯昌,-0.492,-2.1,-23.5,-53.1,16.1,-21.4
❌,3419,譁裕,-0.8099999999999999,-1.79,11.4,-13.2,48.6,-22.4
❌,9919,康那香,-0.358,-2.43,2.5,-20.7,65.3,-22.5
❌,3011,今皓,-1.092,-2.55,5.3,-43.5,48.8,-22.6
❌,1435,中福,-0.516,-0.41,64.7,-1010.8,15.6,-22.7
❌,5907,大洋-KY,-4.656000000000001,-4.55,85.3,-8.7,82.0,-23.3
❌,3149,正達,-1.434,-2.86,-10.5,-26.4,47.6,-23.6
❌,2406,國碩,-0.626,-0.92,9.9,-7.9,49.1,-23.7
❌,2424,隴華,-4.362,-1.34,18.0,-59.0,32.3,-24.1
❌,2371,大同,1.5959999999999999,-5.2,16.9,4.2,62.9,-24.2
❌,2444,兆勁,-0.19999999999999998,-1.9,4.2,-15.5,56.4,-24.4
❌,3321,同泰,-2.354,-3.36,6.1,-6.8,66.4,-25.1
❌,4934,太極,-1.37,-0.95,-146.7,-492.5,29.5,-25.1
❌,6541,泰福-KY,-8.2,-6.13,-109.9,-346.2,28.5,-26.3
❌,3593,力銘,-1.064,-1.4,1.0,-11.7,78.1,-26.7
❌,4426,利勤,-1.4300000000000002,-2.94,-18.5,-44.3,56.1,-27.1
❌,6885,全福生技,-3.6979999999999995,-3.32,22.8,-8250.9,4.1,-27.2
❌,2258,鴻華先進-創,-1.192,-2.15,20.0,-94.9,21.1,-28.0
❌,3018,隆銘綠能,-2.45,-2.16,-7.4,-40.1,55.0,-28.5
❌,6657,華安,-3.112,-2.92,76.0,-3587.1,5.6,-28.8
❌,2939,永邑-KY,-1.7760000000000002,-3.68,8.7,-52.9,31.0,-29.8
❌,6645,金萬林-創,-0.7400000000000001,-2.41,15.5,-25.9,49.6,-30.2
❌,6153,嘉聯益,-2.982,-4.38,-21.7,-41.4,43.4,-30.3
❌,6598,ABC-KY,-2.226,-1.96,54.9,-47.0,36.5,-31.3
❌,2208,台船,-2.41,-1.77,-10.2,-13.6,84.6,-31.6
❌,6949,沛爾生醫-創,-7.1375,-7.23,-14.0,-1487.2,19.8,-31.8
❌,2616,山隆,-0.8019999999999999,-6.25,6.9,-9.9,68.1,-32.0
❌,3494,誠研,-1.59,-1.84,11.6,-12.4,63.8,-32.5
❌,4989,榮科,-0.28600000000000003,-3.48,-12.6,-17.3,31.4,-32.6
❌,6794,向榮生技,-1.9120000000000001,-1.89,63.0,-432.8,8.5,-32.8
❌,2460,建通,-0.9179999999999999,-3.0,-0.3,-13.7,69.6,-33.2
❌,6431,光麗-KY,-1.424,-2.07,18.7,-41.8,51.1,-33.4
❌,7803,雲象科技-創,-1.72,-2.29,39.9,-110.6,13.4,-33.5
❌,4927,泰鼎-KY,-2.0420000000000003,-8.65,-1.3,-14.1,69.8,-34.4
❌,2338,光罩,0.7360000000000001,-4.88,7.8,-10.1,75.1,-34.5
❌,1304,台聚,0.3,-2.6,3.1,-6.0,44.0,-36.6
❌,1538,正峰,-1.988,-1.59,23.1,-44.5,45.9,-37.2
❌,8101,華冠,-2.2800000000000002,-3.15,18.8,-23.5,49.6,-39.1
❌,3092,鴻碩,-1.568,-5.14,4.4,-34.8,70.8,-39.3
❌,3041,揚智,-2.998,-3.43,28.6,-50.5,62.9,-43.0
❌,6934,心誠鎂,-4.8575,-3.92,24.9,-119.4,34.9,-43.9
❌,6128,上福,0.9359999999999999,-9.56,38.7,2.6,57.1,-44.0
❌,3032,偉訓,1.6,-7.93,21.8,9.1,83.2,-45.3
❌,2438,翔耀,-1.1059999999999999,-2.38,34.7,-15.5,68.7,-52.9
❌,6550,北極星藥業-KY,-2.646,-5.1,-665.8,-7089.8,35.2,-74.5
❌,2392,正崴,1.032,-6.62,-7.5,-17.3,79.6,-86.7
❌,6443,元晶,-1.166,-6.24,-74.2,-157.4,45.0,-87.9
❌,6141,柏承,-2.974,-4.65,8.6,-11.5,88.0,-98.9
❌,4943,康控-KY,-7.659999999999999,-1.88,-3.0,-25.8,90.4,-139.7
❌,2314,台揚,-3.4579999999999997,-6.11,-1.5,-44.0,95.9,-479.0
❌,3712,永崴投控,-2.4140000000000006,-22.85,-47.8,-53.7,93.7,-581.5
❌,6806,森崴能源,-9.712,-60.0,-65.9,-70.3,99.9,-1475.3
❌,1342,八貫,6.1339999999999995,5.62,27.0,18.5,33.1,
❌,1413,宏洲,0.164,0.45,5.3,3.1,58.5,
❌,1423,利華,1.4760000000000002,4.36,-13.5,-76.6,6.3,
❌,1438,三地開發,1.046,1.74,30.0,23.9,78.2,
❌,1465,偉全,0.17600000000000002,-0.33,-3.5,-19.4,10.1,
❌,1516,川飛,-0.534,0.04,5.8,-15.2,1.1,
❌,1527,鑽全,3.226,1.52,20.9,6.0,10.0,
❌,1540,喬福,1.1520000000000001,1.11,33.9,20.1,9.8,
❌,1713,國化,3.886,3.87,4.5,-17.2,4.2,
❌,1906,寶隆,0.9019999999999999,0.01,9.3,2.9,49.6,
❌,2008,高興昌,0.79,0.68,16.8,8.9,54.6,
❌,2009,第一銅,0.5559999999999999,0.34,-0.4,-2.6,16.4,
❌,2024,志聯,0.298,-0.06,6.8,0.6,32.6,
❌,2025,千興,0.594,-0.18,-28.9,-23.1,33.2,
❌,2028,威致,1.9899999999999998,0.28,3.9,1.6,43.2,
❌,2032,新鋼,0.484,0.56,4.2,0.8,19.0,
❌,2033,佳大,0.10400000000000001,0.35,14.2,4.3,14.5,
❌,2114,鑫永銓,6.872,5.78,39.7,31.2,16.7,
❌,2455,全新,3.3200000000000003,2.97,36.1,19.8,29.6,
❌,2528,皇普,1.936,3.65,20.1,15.6,64.9,
❌,2537,聯上發,0.528,0.15,26.2,12.9,76.1,
❌,2633,台灣高鐵,1.004,1.17,43.3,39.3,80.9,
❌,2645,長榮航太,4.458,5.46,20.3,16.5,42.3,
❌,2646,星宇航空,-1.092,0.09,15.2,3.7,77.1,
❌,2701,萬企,0.45199999999999996,0.56,78.9,63.5,13.2,
❌,2706,第一店,0.514,0.65,78.2,69.4,13.2,
❌,2712,遠雄來,-0.25999999999999995,-0.38,19.2,-7.2,38.7,
❌,2901,欣欣,0.3,0.38,85.2,16.2,18.1,
❌,2913,農林,-0.844,-0.15,38.6,-4.1,41.8,
❌,3135,凌航,3.146,6.33,10.0,7.8,59.0,
❌,3150,鈺寶-創,0.8560000000000001,-0.22,44.6,-5.5,7.8,
❌,3528,安馳,3.6660000000000004,2.3,11.1,6.8,79.0,
❌,4440,宜新實業,2.306,1.14,11.8,7.9,42.4,
❌,4588,玖鼎電力,3.17,3.2,33.2,19.8,56.4,
❌,4590,富田-創,0.8440000000000001,2.72,29.2,0.2,43.9,
❌,4976,佳凌,-1.048,-1.88,-8.1,-26.5,14.4,
❌,5222,全訊,4.196,2.51,52.3,25.7,16.0,
❌,6281,全國電,5.054,3.7,20.0,2.4,67.9,
❌,6552,易華電,-1.8619999999999997,-14.35,-25.4,-37.3,48.1,
❌,6753,龍德造船,4.651999999999999,5.98,19.9,16.3,57.6,
❌,6757,台灣虎航,0.2979999999999999,5.37,27.7,19.0,71.6,
❌,6789,采鈺,4.768,4.01,24.7,14.9,17.5,
❌,6901,鑽石投資,-0.3799999999999999,-1.38,100.0,114.7,1.5,
❌,6909,創控,1.33,1.01,59.6,15.2,14.0,
❌,6921,嘉雨思-創,-0.8225,0.35,57.5,8.2,23.7,
❌,6936,永鴻生技,1.7899999999999998,1.82,31.9,11.0,18.9,
❌,7760,享溫馨,1.87,0.68,36.1,4.1,54.8,
❌,7765,中華資安,8.9725,11.47,46.9,25.9,27.6,
❌,7786,東方風能,7.6375,11.11,24.8,21.9,35.2,
❌,7799,禾榮科,-2.1766666666666663,-3.31,-250.1,-5183.6,0.8,
❌,8131,福懋科,2.554,1.36,10.8,7.2,12.0,
❌,8222,寶一,0.34,0.55,18.5,6.6,58.5,
❌,8487,愛爾達-創,4.362,4.03,27.2,12.4,33.8,
